Card Number,Storage,Card Name,Card Type,Collected,Acquire Type,Collected Date,Duplicate,RH Collected,RH Acquire Type,RH Collected Date,RH Duplicate
1,Binder,Venusaur ex,Double Rare,FALSE,,,,-,-,-,-
2,Binder,Ledyba,Common,FALSE,,,,TRUE,Packed,26/04/2025,
3,Binder,Ledian,Rare,FALSE,,,,FALSE,,,
4,Binder,Celebi,Uncommon,TRUE,Packed,26/04/2025,,TRUE,Packed,26/04/2025,
5,Binder,Lileep,Common,TRUE,Packed,26/04/2025,,FALSE,,,
6,Binder,Cradily,Rare,FALSE,,,,TRUE,Packed,26/04/2025,
7,Binder,Carnivine,Common,TRUE,Packed,26/04/2025,1,FALSE,,,
8,Binder,Mow Rotom,Common,FALSE,,,,FALSE,,,
9,Binder,Grubbin,Common,FALSE,,,,FALSE,,,
10,Binder,Gossifleur,Common,TRUE,Packed,26/04/2025,,FALSE,,,
11,Binder,Eldegoss,Uncommon,FALSE,,,,FALSE,,,
12,Binder,Applin,Common,FALSE,,,,FALSE,,,
13,Binder,Dipplin,Common,FALSE,,,,TRUE,Packed,26/04/2025,
14,Binder,Hydrapple ex,Double Rare,FALSE,,,,-,-,-,-
15,Binder,Nymble,Common,FALSE,,,,FALSE,,,
16,Binder,Lokix,Common,TRUE,Packed,26/04/2025,,FALSE,,,
17,Binder,Toedscool,Common,FALSE,,,,FALSE,,,
18,Binder,Toedscruel,Uncommon,TRUE,Packed,26/04/2025,,FALSE,,,
19,Binder,Ponyta,Common,TRUE,Packed,26/04/2025,,FALSE,,,
20,Binder,Rapidash,Uncommon,TRUE,Packed,26/04/2025,,FALSE,,,
21,Binder,Pansear,Common,TRUE,Packed,26/04/2025,,FALSE,,,
22,Binder,Reshiram,Uncommon,FALSE,,,,TRUE,Packed,26/04/2025,
23,Binder,Salandit,Common,TRUE,Packed,26/04/2025,,TRUE,Packed,26/04/2025,
24,Binder,Salazzle,Uncommon,FALSE,,,,FALSE,,,
25,Binder,Turtonator,Common,TRUE,Packed,26/04/2025,,TRUE,Packed,26/04/2025,
26,Binder,Scorbunny,Common,FALSE,,,,FALSE,,,
27,Binder,Raboot,Common,FALSE,,,,FALSE,,,
28,Binder,Cinderace ex,Double Rare,TRUE,Bought,03/05/2025,,-,-,-,-
29,Binder,Charcadet,Common,TRUE,Packed,26/04/2025,,FALSE,,,
30,Binder,Blastoise ex,Double Rare,FALSE,,,,-,-,-,-
31,Binder,Lapras,Uncommon,TRUE,Packed,26/04/2025,,FALSE,,,
32,Binder,Lapras ex,Double Rare,TRUE,Packed,26/04/2025,,-,-,-,-
33,Binder,Marill,Common,TRUE,Packed,26/04/2025,,FALSE,,,
34,Binder,Azumarill,Uncommon,TRUE,Packed,26/04/2025,,FALSE,,,
35,Binder,Finneon,Common,FALSE,,,,FALSE,,,
36,Binder,Lumineon,Uncommon,TRUE,Packed,26/04/2025,,FALSE,,,
37,Binder,Tirtouga,Common,TRUE,Packed,26/04/2025,,FALSE,,,
38,Binder,Carracosta,Rare,TRUE,Packed,26/04/2025,,FALSE,,,
39,Binder,Froakie,Common,TRUE,Packed,26/04/2025,,FALSE,,,
40,Binder,Frogadier,Uncommon,FALSE,,,,TRUE,Packed,26/04/2025,
41,Binder,Greninja ex,Double Rare,FALSE,,,,-,-,-,-
42,Binder,Crabominable,Uncommon,TRUE,Packed,26/04/2025,,FALSE,,,
43,Binder,Chewtle,Common,FALSE,,,,FALSE,,,
44,Binder,Drednaw,Rare,FALSE,,,,TRUE,Packed,26/04/2025,
45,Binder,Veluza,Uncommon,TRUE,Packed,26/04/2025,,FALSE,,,
46,Binder,Electabuzz,Common,TRUE,Packed,26/04/2025,,FALSE,,,
47,Binder,Electivire,Uncommon,TRUE,Packed,26/04/2025,,FALSE,,,
48,Binder,Chinchou,Common,TRUE,Packed,26/04/2025,,FALSE,,,
49,Binder,Lanturn,Uncommon,TRUE,Packed,26/04/2025,,FALSE,,,
50,Binder,Joltik,Common,FALSE,,,,FALSE,,,
51,Binder,Galvantula ex,Double Rare,FALSE,,,,-,-,-,-
52,Binder,Charjabug,Common,TRUE,Packed,26/04/2025,1,FALSE,,,
53,Binder,Vikavolt,Uncommon,FALSE,,,,FALSE,,,
54,Binder,Togedemaru,Uncommon,TRUE,Packed,26/04/2025,,FALSE,,,
55,Binder,Zeraora,Rare,FALSE,,,,TRUE,Packed,26/04/2025,
56,Binder,Pawmi,Common,TRUE,Packed,26/04/2025,,FALSE,,,
57,Binder,Slowpoke,Common,FALSE,,,,FALSE,,,
58,Binder,Slowking,Uncommon,FALSE,,,,FALSE,,,
59,Binder,Mewtwo,Uncommon,TRUE,Packed,26/04/2025,,FALSE,,,
60,Binder,Drifloon,Common,TRUE,Packed,26/04/2025,,TRUE,Packed,26/04/2025,
61,Binder,Drifblim,Uncommon,FALSE,,,,FALSE,,,
62,Binder,Yamask,Common,TRUE,Packed,26/04/2025,,FALSE,,,
63,Binder,Comfey,Common,TRUE,Packed,26/04/2025,,FALSE,,,
64,Binder,Milcery,Common,TRUE,Packed,26/04/2025,,FALSE,,,
65,Binder,Alcremie,Rare,FALSE,,,,FALSE,,,
66,Binder,Fidough,Common,FALSE,,,,FALSE,,,
67,Binder,Dachsbun ex,Double Rare,FALSE,,,,-,-,-,-
68,Binder,Flittle,Common,TRUE,Packed,26/04/2025,,FALSE,,,
69,Binder,Espathra,Common,TRUE,Packed,26/04/2025,,FALSE,,,
70,Binder,Greavard,Common,FALSE,,,,FALSE,,,
71,Binder,Iron Boulder,Rare,FALSE,,,,FALSE,,,
72,Binder,Cubone,Common,TRUE,Packed,26/04/2025,,TRUE,Packed,26/04/2025,
73,Binder,Marowak,Uncommon,TRUE,Packed,26/04/2025,,FALSE,,,
74,Binder,Rhyhorn,Common,TRUE,Packed,26/04/2025,,FALSE,,,
75,Binder,Rhydon,Common,FALSE,,,,FALSE,,,
76,Binder,Rhyperior,Rare,FALSE,,,,FALSE,,,
77,Binder,Meditite,Common,TRUE,Packed,26/04/2025,,FALSE,,,
78,Binder,Meditite,Common,FALSE,,,,FALSE,,,
79,Binder,Medicham,Common,TRUE,Packed,26/04/2025,,FALSE,,,
80,Binder,Medicham ex,Double Rare,TRUE,Packed,26/04/2025,,-,-,-,-
81,Binder,Riolu,Common,TRUE,Packed,26/04/2025,,FALSE,,,
82,Binder,Lucario ex,Double Rare,FALSE,,,,-,-,-,-
83,Binder,Mienfoo,Common,FALSE,,,,FALSE,,,
84,Binder,Mienshao,Uncommon,TRUE,Packed,26/04/2025,,TRUE,Packed,26/04/2025,
85,Binder,Pancham,Common,TRUE,Packed,26/04/2025,,FALSE,,,
86,Binder,Diancie,Uncommon,TRUE,Packed,26/04/2025,,FALSE,,,
87,Binder,Crabrawler,Common,FALSE,,,,FALSE,,,
88,Binder,Falinks,Common,FALSE,,,,FALSE,,,
89,Binder,Garganacl ex,Double Rare,FALSE,,,,-,-,-,-
90,Binder,Koraidon,Uncommon,TRUE,Packed,26/04/2025,1,FALSE,,,
91,Binder,Gulpin,Common,FALSE,,,,FALSE,,,
92,Binder,Swalot,Uncommon,FALSE,,,,FALSE,,,
93,Binder,Pangoro,Uncommon,FALSE,,,,FALSE,,,
94,Binder,Impidimp,Common,TRUE,Packed,26/04/2025,,FALSE,,,
95,Binder,Morgrem,Common,FALSE,,,,FALSE,,,
96,Binder,Grimmsnarl,Rare,TRUE,Packed,26/04/2025,,FALSE,,,
97,Binder,Bombirdier,Common,FALSE,,,,FALSE,,,
98,Binder,Jirachi,Uncommon,TRUE,Packed,26/04/2025,,FALSE,,,
99,Binder,Klink,Common,FALSE,,,,FALSE,,,
100,Binder,Klang,Common,FALSE,,,,FALSE,,,
101,Binder,Klinklang,Rare,FALSE,,,,FALSE,,,
102,Binder,Meltan,Common,FALSE,,,,FALSE,,,
103,Binder,Meltan,Common,FALSE,,,,FALSE,,,
104,Binder,Melmetal,Rare,FALSE,,,,FALSE,,,
105,Binder,Melmetal ex,Double Rare,FALSE,,,,-,-,-,-
106,Binder,Duraludon,Common,FALSE,,,,FALSE,,,
107,Binder,Archaludon,Rare,TRUE,Packed,26/04/2025,,TRUE,Packed,26/04/2025,
108,Binder,Varoom,Common,TRUE,Packed,26/04/2025,,FALSE,,,
109,Binder,Revavroom,Uncommon,TRUE,Packed,26/04/2025,,FALSE,,,
110,Binder,Orthworm ex,Double Rare,TRUE,Packed,26/04/2025,,-,-,-,-
111,Binder,Raging Bolt,Rare,TRUE,Packed,26/04/2025,1,FALSE,,,
112,Binder,Tauros,Common,FALSE,,,,FALSE,,,
113,Binder,Eevee,Common,TRUE,Packed,26/04/2025,,TRUE,Packed,26/04/2025,
114,Binder,Hoothoot,Common,FALSE,,,,FALSE,,,
115,Binder,Noctowl,Rare,FALSE,,,,FALSE,,,
116,Binder,Glameow,Common,TRUE,Packed,26/04/2025,1,TRUE,Packed,26/04/2025,
117,Binder,Purugly,Common,FALSE,,,,FALSE,,,
118,Binder,Fan Rotom,Common,TRUE,Packed,26/04/2025,,FALSE,,,
119,Binder,Bouffalant,Rare,TRUE,Packed,26/04/2025,,FALSE,,,
120,Binder,Tornadus,Uncommon,TRUE,Packed,26/04/2025,,FALSE,,,
121,Binder,Fletchling,Common,TRUE,Packed,26/04/2025,,FALSE,,,
122,Binder,Fletchinder,Common,FALSE,,,,FALSE,,,
123,Binder,Talonflame,Uncommon,TRUE,Packed,26/04/2025,,FALSE,,,
124,Binder,Wooloo,Common,FALSE,,,,FALSE,,,
125,Binder,Dubwool,Uncommon,FALSE,,,,FALSE,,,
126,Binder,Lechonk,Common,TRUE,Packed,26/04/2025,,FALSE,,,
127,Binder,Cyclizar,Common,TRUE,Packed,26/04/2025,,FALSE,,,
128,Binder,Terapagos ex,Double Rare,FALSE,,,,-,-,-,-
129,Binder,Antique Cover Fossil,Common,FALSE,,,,FALSE,,,
130,Binder,Antique Root Fossil,Common,TRUE,Packed,26/04/2025,,FALSE,,,
131,Binder,Area Zero Underdepths,Uncommon,TRUE,Packed,26/04/2025,,FALSE,,,
132,Binder,Briar,Uncommon,TRUE,Packed,26/04/2025,,FALSE,,,
133,Binder,Crispin,Uncommon,TRUE,Packed,26/04/2025,,FALSE,,,
134,Binder,Deluxe Bomb,ACE Rare,FALSE,,,,-,-,-,-
135,Binder,Glass Trumpet,Uncommon,TRUE,Packed,26/04/2025,,FALSE,,,
136,Binder,Grand Tree,ACE Rare,FALSE,,,,-,-,-,-
137,Binder,Gravity Gemstone,Uncommon,FALSE,,,,FALSE,,,
138,Binder,Kofu,Uncommon,TRUE,Packed,26/04/2025,1,FALSE,,,
139,Binder,Lacey,Uncommon,TRUE,Packed,26/04/2025,,TRUE,Packed,26/04/2025,
140,Binder,Occa Berry,Uncommon,TRUE,Packed,26/04/2025,1,FALSE,,,
141,Binder,Payapa Berry,Uncommon,TRUE,Packed,26/04/2025,,FALSE,,,
142,Binder,Sparkling Crystal,ACE Rare,FALSE,,,,FALSE,,,
143,Top Loader,Bulbasaur,Illustration Rare,FALSE,,,,-,-,-,-
144,Top Loader,Ledian,Illustration Rare,FALSE,,,,-,-,-,-
145,Top Loader,Lileep,Illustration Rare,FALSE,,,,-,-,-,-
146,Top Loader,Turtonator,Illustration Rare,FALSE,,,,-,-,-,-
147,Top Loader,Raboot,Illustration Rare,FALSE,,,,-,-,-,-
148,Top Loader,Squirtle,Illustration Rare,TRUE,Packed,26/04/2025,,-,-,-,-
149,Top Loader,Crabominable,Illustration Rare,FALSE,,,,-,-,-,-
150,Top Loader,Joltik,Illustration Rare,FALSE,,,,-,-,-,-
151,Top Loader,Zeraora,Illustration Rare,FALSE,,,,-,-,-,-
152,Top Loader,Milcery,Illustration Rare,FALSE,,,,-,-,-,-
153,Top Loader,Meditite,Illustration Rare,FALSE,,,,-,-,-,-
154,Top Loader,Gulpin,Illustration Rare,FALSE,,,,-,-,-,-
155,Top Loader,Archaludon,Illustration Rare,FALSE,,,,-,-,-,-
156,Top Loader,Hydrapple ex,Ultra Rare,FALSE,,,,-,-,-,-
157,Top Loader,Cinderace ex,Ultra Rare,TRUE,Traded,27/04/2025,,-,-,-,-
158,Top Loader,Lapras ex,Ultra Rare,FALSE,,,,-,-,-,-
159,Top Loader,Galvantula ex,Ultra Rare,FALSE,,,,-,-,-,-
160,Top Loader,Dachsbun ex,Ultra Rare,FALSE,,,,-,-,-,-
161,Top Loader,Medicham ex,Ultra Rare,FALSE,,,,-,-,-,-
162,Top Loader,Orthworm ex,Ultra Rare,FALSE,,,,-,-,-,-
163,Top Loader,Briar,Ultra Rare,FALSE,,,,-,-,-,-
164,Top Loader,Crispin,Ultra Rare,FALSE,,,,-,-,-,-
165,Top Loader,Kofu,Ultra Rare,FALSE,,,,-,-,-,-
166,Top Loader,Lacey,Ultra Rare,FALSE,,,,-,-,-,-
167,Top Loader,Hydrapple ex,Special Illustration Rare,FALSE,,,,-,-,-,-
168,Top Loader,Galvantula ex,Special Illustration Rare,FALSE,,,,-,-,-,-
169,Top Loader,Dachsbun ex,Special Illustration Rare,FALSE,,,,-,-,-,-
170,Top Loader,Terapagos ex,Special Illustration Rare,FALSE,,,,-,-,-,-
171,Top Loader,Briar,Special Illustration Rare,FALSE,,,,-,-,-,-
172,Top Loader,Lacey,Special Illustration Rare,FALSE,,,,-,-,-,-
173,Top Loader,Terapagos ex,Hyper Rare,FALSE,,,,-,-,-,-
174,Top Loader,Area Zero Underdepths,Hyper Rare,FALSE,,,,-,-,-,-
175,Top Loader,Bravery Charm,Hyper Rare,FALSE,,,,-,-,-,-